SITE,ISL_NAME
"Stockyard Site, Hunter Island",Hunter Island
Gabo Island,Gabo Island
Sandland Island,Sandland Island
Bowen Island 1,Bowen Island
"Dennes Point, Bruny Island",Bruny Island
Maatsuyker Island Site 1,Maatsuyker Island
Great Glennie Island/1,Great Glennie Island
Curlew Island Open Site,Curlew Island
Marble Island,Marble Island
Bribie Island 9,Bribie Island
Bribie Island Road,Bribie Island
Cribb Island,Cribb Island
Cribb Island,Cribb Island
Double Island Point 1,Double Island
Fraser Island 217/15,Fraser Island
Fraser Island 796/54,Fraser Island
Fraser Island 796/54,Fraser Island
Fraser Island 799/54,Fraser Island
Hope Island,Hope Island
Middle Island Sandblow Site,Middle Island
NE Moreton Island 1,Moreton Island
NE Moreton Island 16,Moreton Island
NE Moreton Island 21A,Moreton Island
NE Moreton Island 27,Moreton Island
NE Moreton Island 5,Moreton Island
St Helena Island,St Helena Island
Border Island 1,Border Island
Curlew Island Rockshelter,Curlew Island
Mannalargenna Cave,Prime Seal Island
Cape de Couedic,Kangaroo Island
Haynes Cave,Campbell Island
Noala 1 rockshelter,Campbell Island
Enderby Island EIA02-001,Enderby Island
Enderby Island Square 562910,Enderby Island
Little Armstrong Bay,Rottnest Island
Little Armstrong Bay,Rottnest Island
Charlotte Point,Rottnest Island
